<?xml version="1.0"?>
<doc>
    <assembly>
        <name>JMS.Common</name>
    </assembly>
    <members>
        <member name="F:JMS.Dtos.CommandType.FindMaster">
            <summary>
            询问网关是否是主网关
            </summary>
        </member>
        <member name="F:JMS.Dtos.CommandType.ListenFileChange">
            <summary>
            监测共享文件的变化
            </summary>
        </member>
        <member name="F:JMS.Dtos.InvokeType.GenerateInvokeCode">
            <summary>
            获取访问服务的c#代码类
            </summary>
        </member>
        <member name="F:JMS.Dtos.LockKeyInfo.WaitToSuccess">
            <summary>
            一直等待，直到成功
            </summary>
        </member>
        <member name="F:JMS.Dtos.RegisterServiceInfo.ServiceNames">
            <summary>
            支持的服务
            </summary>
        </member>
        <member name="F:JMS.Dtos.RegisterServiceInfo.MaxThread">
            <summary>
            本机最多同时并发几个线程
            </summary>
        </member>
        <member name="F:JMS.Dtos.PerformanceInfo.RequestQuantity">
            <summary>
            当前连接的请求数
            </summary>
        </member>
        <member name="F:JMS.Dtos.PerformanceInfo.CpuUsage">
            <summary>
            CPU利用率
            </summary>
        </member>
        <member name="F:JMS.Dtos.RegisterServiceRunningInfo.ServiceNames">
            <summary>
            支持的服务
            </summary>
        </member>
        <member name="F:JMS.Dtos.RegisterServiceRunningInfo.MaxThread">
            <summary>
            本机最多同时并发几个线程
            </summary>
        </member>
        <member name="F:JMS.Dtos.RegisterServiceRunningInfo.PerformanceInfo">
            <summary>
            当前微服务的负载情况
            </summary>
        </member>
        <member name="M:JMS.IServiceProviderAllocator.ServiceInfoChanged(JMS.Dtos.RegisterServiceInfo[])">
            <summary>
            当服务列表发生变化时，此函数会被自动调用
            </summary>
            <param name="serviceInfos"></param>
        </member>
        <member name="M:JMS.IServiceProviderAllocator.Alloc(JMS.Dtos.GetServiceProviderRequest)">
            <summary>
            分配一个微服务
            </summary>
            <param name="request"></param>
            <returns></returns>
        </member>
        <member name="M:JMS.IServiceProviderAllocator.GetPerformanceInfo(JMS.Dtos.RegisterServiceInfo)">
            <summary>
            获取当前微服务的负载情况
            </summary>
            <param name="serviceInfo"></param>
            <returns></returns>
        </member>
        <member name="M:JMS.IServiceProviderAllocator.SetServicePerformanceInfo(JMS.Dtos.RegisterServiceInfo,JMS.Dtos.PerformanceInfo)">
            <summary>
            设置微服务的负载情况
            </summary>
            <param name="serviceInfo"></param>
            <param name="performanceInfo">负载情况</param>
        </member>
        <member name="F:JMS.NetClient.CompressionMinSize">
            <summary>
            启动GZip压缩的起点
            </summary>
        </member>
        <member name="M:JMS.NetClient.KeepHeartBeating">
            <summary>
            发送HealthyCheck命令，维持心跳
            </summary>
        </member>
        <member name="M:JMS.NetClient.KeepHeartBeating(System.Func{System.Object})">
            <summary>
            发送特定命令，维持心跳
            </summary>
            <param name="cmdAction"></param>
        </member>
        <member name="T:JMS.ProxyClient">
            <summary>
            通过代理访问指定服务器
            </summary>
        </member>
        <member name="M:JMS.ProxyClient.#ctor(JMS.NetAddress,JMS.NetAddress,System.Security.Cryptography.X509Certificates.X509Certificate2)">
            <summary>
            
            </summary>
            <param name="proxyAddr">代理地址，如果为null，则直接访问目标服务器</param>
            <param name="targetAddr">目标服务器地址</param>
            <param name="cert">访问代理服务器的客户端证书</param>
        </member>
    </members>
</doc>
